  [
  {
    "weekName": "Week 1",
    "softSkills": {
      "type": []
    },
    "techSkills": {
      "type": []
    },
    "assessmentMarks": 0,
    "unitMarks": [
      {
        "unitName": "Frontend",
        "marks": 0
      },
      {
        "unitName": "Backend",
        "marks": 0
      },
      {
        "unitName": "UI/UX",
        "marks": 0
      }
    ]
  },
    {
      "weekName": "Week 2",
      "softSkills": {
        "type": []
      },
      "techSkills": {
        "type": []
      },
      "assessmentMarks": 0,
      "unitMarks": [
        {
          "unitName": "Frontend",
          "marks": 0
        },
        {
          "unitName": "Backend",
          "marks": 0
        },
        {
          "unitName": "UI/UX",
          "marks": 0
        }, 
        {
          "unitName": "Testing",
          "marks": 0
        },
        {
          "unitName": "Code Readability",
          "marks": 0
        }
      ]
    },
    {
      "weekName": "Week 3",
      "softSkills": {
        "type": []
      },
      "techSkills": {
        "type": []
      },
      "assessmentMarks": 0,
      "unitMarks": [
        {
          "unitName": "Frontend",
          "marks": 0
        },
        {
          "unitName": "Backend",
          "marks": 0
        },
        {
          "unitName": "UI/UX",
          "marks": 0
        }

      ]
    },
    {
      "weekName": "Week 4",
      "softSkills": {
        "type": []
      },
      "techSkills": {
        "type": []
      },
      "assessmentMarks": 0,
      "unitMarks": [
        {
          "unitName": "Frontend",
          "marks": 0
        },
        {
          "unitName": "Backend",
          "marks": 0
        },
        {
          "unitName": "UI/UX",
          "marks": 0
        }
      ]
    },
    {
      "weekName": "Week 5",
      "softSkills": {
        "type": []
      },
      "techSkills": {
        "type": []
      },
      "assessmentMarks": 0,
      "unitMarks": [
        {
          "unitName": "Frontend",
          "marks": 0
        },
        {
          "unitName": "Backend",
          "marks": 0
        },
        {
          "unitName": "UI/UX",
          "marks": 0
        }
      ]
    }
    ,
    {
      "weekName": "Week 6",
      "softSkills": {
        "type": []
      },
      "techSkills": {
        "type": []
      },
      "assessmentMarks": 0,
      "unitMarks": [
        {
          "unitName": "Frontend",
          "marks": 0
        },
        {
          "unitName": "Backend",
          "marks": 0
        },
        {
          "unitName": "UI/UX",
          "marks": 0
        },
        {
          "unitName": "Testing",
          "marks": 0
        }

      ]
    }
  ]
